{
  "project_info": {
    "project_number": "90551367707",
    "project_id": "workshop-fyp",
    "storage_bucket": "workshop-fyp.appspot.com"
  },
  "client": [
    {
      "client_info": {
        "mobilesdk_app_id": "1:90551367707:android:e726837dc60bf88b8ee0be",
        "android_client_info": {
          "package_name": "com.example.fyp_user"
        }
      },
      "oauth_client": [
        {
          "client_id": "90551367707-gcrk3drt91lj58f1ro9ftldk3t674d67.apps.googleusercontent.com",
          "client_type": 3
        }
      ],
      "api_key": [
        {
          "current_key": "AIzaSyCFhGZs21kKTSj-vs30fMN252q0Jvc2e5s"
        }
      ],
      "services": {
        "appinvite_service": {
          "other_platform_oauth_client": [
            {
              "client_id": "90551367707-gcrk3drt91lj58f1ro9ftldk3t674d67.apps.googleusercontent.com",
              "client_type": 3
            }
          ]
        }
      }
    }
  ],
  "configuration_version": "1"
}